id,character,book,prediction,label,confidence,num_claims
95,Noirtier,The Count of Monte Cristo,1,consistent,1.0,7
136,Faria,The Count of Monte Cristo,0,contradict,0.5,7
59,Thalcave,In Search of the Castaways,1,consistent,1.0,11
60,Thalcave,In Search of the Castaways,1,consistent,1.0,7
124,Faria,The Count of Monte Cristo,1,consistent,1.0,5
111,Noirtier,The Count of Monte Cristo,1,consistent,1.0,7
135,Faria,The Count of Monte Cristo,0,contradict,0.7,9
27,Tom Ayrton/Ben Joyce,In Search of the Castaways,1,consistent,1.0,9
110,Noirtier,The Count of Monte Cristo,1,consistent,1.0,11
42,Tom Ayrton/Ben Joyce,In Search of the Castaways,1,consistent,1.0,7
